{"cameraMode":{"drawMode":0,"name":"Shaded","section":"Shading Mode"},"sceneLighting":true,"audioPlay":false,"sceneViewState":{"showFog":true,"showMaterialUpdate":false,"showSkybox":true,"showFlares":true,"showImageEffects":true,"showParticleSystems":true},"in2DMode":false,"pivot":{"x":-78.26243591308594,"y":1.0733914375305176,"z":-227.90272521972657},"rotation":{"x":-0.18774563074111939,"y":0.06682979315519333,"z":-0.01280432753264904,"w":-0.979863703250885},"size":2.180999994277954,"orthographic":false}