{"cameraMode":{"drawMode":0,"name":"Shaded","section":"Shading Mode"},"sceneLighting":true,"audioPlay":false,"sceneViewState":{"showFog":true,"showMaterialUpdate":false,"showSkybox":true,"showFlares":true,"showImageEffects":true,"showParticleSystems":true},"in2DMode":false,"pivot":{"x":-144.53599548339845,"y":1.101088285446167,"z":-185.98464965820313},"rotation":{"x":0.020936524495482446,"y":0.9687187075614929,"z":-0.23122629523277284,"w":0.08771315217018128},"size":12.326717376708985,"orthographic":false}